Execution ID, Execution entrypoint PID
131ff9f5-46b3-4e74-b189-033a996483b5, 101869
fe3c8715-2850-4768-8627-e28d7a1763b2, 102307
a7e81f33-ee16-4f44-a7da-315b5fc7df7e, 102757
2543b2d1-1a43-4c2b-8056-2602855799ed, 103183
0f4e1444-c230-431a-b27f-83feaae70bcb, 103608
8b0a8f53-271e-4428-91ed-97d4a6a52fae, 104035
cd8690d6-7141-4be8-89e5-dff07c2d636a, 104463
dbfb335b-6aaf-415b-ab53-1f3a86c6face, 104888
3f4b4e45-7d92-414c-acec-6ac710b9b204, 105319
f41dc52c-f030-4107-a9d8-18f166817486, 105746
8921a04a-ee3f-4d25-b30a-fec2e902aaa8, 106173
b351c066-094d-4e30-8d97-7286a379d80a, 106603
6ea155c4-4982-4b5b-8f4c-5d46ab398703, 107033
daddce77-50e7-42f0-983e-4d7a99d01426, 107457
bb6f5c63-3cb0-4147-945c-d52c60404acc, 107882
4365655a-b760-40d7-9cd4-0da551302038, 108306
54a81c9c-0a77-4db9-afbe-0a31bb16cd59, 108728
86964313-8cc2-428e-9e53-446645fd4009, 109153
b59e6d84-e19b-4044-b62a-9d77ae9f32dd, 109581
207805e0-7e24-452a-a22c-2d88ea86ca54, 110017
a6f9eecd-ca86-414b-bd5e-2293d5d91b9b, 110443
db22a87f-1fd7-433f-9ef0-b46a1e10f1f9, 110869
9b3fa7d5-5497-4391-a070-6fdaf51f908a, 111299
b86cc05b-d070-42e9-a1c3-a6d0fbfd68e2, 111725
77a418d9-c4c8-4bbf-9af2-d287a6b478b8, 112151
17019ffe-953d-4edd-bdc3-cfb0ef8c68ea, 112576
6f2c198e-c451-4bf8-b413-953939155fa4, 113004
0db8b75b-aee0-4640-9736-07b34117590d, 113432
fa66f8cf-db5d-4b42-af2c-055798335808, 114228
d7bd9eb8-f02c-49bd-8db2-3ed22ae52407, 114856
2a99f3ce-e2c6-4295-b9cd-0c64ba776642, 115306
0ca890f4-b839-41f6-bda7-d7baa4941773, 115734
a24d9179-946c-4eaa-8248-9e291d08b2c9, 116166
5cd61cd7-9500-4efb-ba89-01c98928c454, 116597
062160d1-0db6-4b30-ae4d-1100750bae19, 117029
c0b08004-19e6-467a-a6f7-a002a55e5fe2, 117467
1bd88766-ed99-4c3e-99a5-10ba4e25accd, 117899
e69388f6-9989-4b7c-ae5d-1e38456d8693, 118330
a2758167-9e2e-46ac-9df3-12f67f74c11a, 118770
8d17e8b2-5e74-4582-b3b9-d5633b108b13, 119199
f257414e-e85e-4295-b552-0aece4d74544, 119632
9626d48f-f52a-4fe4-b86d-27fec5a1d633, 120059
558053c5-ed32-4b04-aed6-f0131bb4bea5, 120485
ef3ea0f2-b5cf-4b33-82cf-7a136e85dba2, 120914
71fdf668-409a-4d0a-bf3b-daccf391621b, 121356
58397ee2-455f-42fd-a6ce-658d65a9f449, 121793
086a5afd-067c-49f4-a9d1-fe4c2a5ae209, 122221
050606da-09c5-408b-9ddf-ece8925a6d7d, 122663
01a9d9ea-d9e4-4e18-9c91-9bc8630869cb, 123091
c4c0cb9a-a8ac-419b-894b-c231d7fdd349, 123522
13e4d90f-5ac4-4b19-90f5-872fb26011eb, 123955
52fd385e-549f-40e6-84d7-a97b227c5f78, 124384
a255d501-1687-4c26-aa69-99df9dd49b7b, 124813
3ac4ffb4-a80f-4408-92d5-01085adda285, 125242
9156069e-c275-4ee5-90bd-5550e84721f8, 125672
c9e2ab40-1397-4b8d-b9b4-bb34c8cc43c5, 126104
6818d595-0b58-4ff8-905c-eb76ecef540a, 126542
f9caf8e3-d53f-406d-98d8-42f43043c787, 126972
000f0f7e-237b-44ed-b86e-d885f337c20c, 127404
4f8dc130-e6e6-4ffd-9293-124720f64800, 127833
ed640368-a9d3-401e-8b0e-60c0dd34fa15, 128266
fba549e1-3583-4b56-a0e9-34f28b6c635e, 128692
80b009f7-fbe5-4117-89a1-dadf13ea4bc9, 129126
a6c2db58-7117-4e46-af7f-818fff4de3df, 129565
3413b68c-e10f-4cf9-80f9-39504ae25e1d, 129993
bd700918-2297-45b3-9e36-1bcabcd7fca6, 130455
bc1806cc-85a9-4640-a9af-4f9d71c24bd8, 130884
bc16cb1f-c5a1-4555-b712-5a3da9864c9c, 131310
0f2c305f-435a-4cdf-ae20-0959f9ff9491, 131740
1144cd86-5cf5-4a48-afdb-1fda8f7d7b70, 132166
33d7c32d-a0a0-4a94-879d-3cb520212d14, 132595
b5256ab5-3019-4e95-b7a9-48ab075104a0, 133024
2d5de8e0-8ddf-4ef7-9d7f-4a357e2d7018, 133452
7a905f0c-5354-44cd-9cfe-318def1589af, 133880
1e6997d4-fbba-41db-a4d4-2dc83871c598, 134311
0ea60dc9-9428-4d22-91dc-249616d5e833, 134744
ca15a672-18f6-4d96-a1a2-fc28ed448792, 135224
986e160d-62e5-46c7-8393-826756a3eac2, 135711
3d0e11d7-960a-428f-ac13-d57a6914bfc9, 136190
bb8e1730-bfb9-4cb1-a453-df0823e92a7b, 136667
cf00aabb-fa3d-40d1-9ada-b69c8076efc7, 137160
06019211-0442-4c29-9463-73dab1e4b258, 137689
64c6e5ce-5d8b-4cd5-a15e-a3c648d9a9fe, 138221
6a5565ca-2169-4367-8254-7487524568c6, 138728
fde5cfed-4eb4-41ef-b8a2-96d36dc6f1d6, 139245
807acd68-6929-488e-adf1-7b4dbb69d4c4, 139754
9cdb00e1-4d68-4407-8d6c-f6c105efbd11, 140299
dbc79c08-dd32-4c47-8468-174b9680212b, 140856
03a264e2-04fa-4af2-8cdd-1b375472578d, 141415
4287e2e3-1e56-4ffc-b3c8-83ac3aaddb6b, 141963
848c0197-0782-49d4-bb67-f3fc62bebad8, 142506
1fbb1a0f-0d95-44a3-ba71-5fc1824e6b0e, 143086
ddf50afd-b839-4404-aab5-1972b81356ae, 143648
8e5db9c1-e5e9-4c3b-8715-858ff98faf5f, 144230
2e0079e9-4ec3-4ea8-b8f4-a2e703748702, 144878
6802c9ef-983b-4f2c-8e93-9b456372ffc4, 145461
b4675ddb-ccd7-4d64-83f3-c0b7d8ec9c7b, 146083
6c3a5d07-ca36-4dd1-ac64-baec466a6ba4, 146699
a49dd03b-790b-4b03-9402-290e472bb10a, 147328
10c6016c-ac02-4554-a864-b0fc8983620f, 147931
33f5c140-4f9e-4715-a204-757a8fa0ae51, 148516
377fff0e-2527-400e-97d5-fb8d0e6963ca, 149175
82a36960-2653-4396-bcd1-59dd73dd81fc, 149808
dbc03361-8a7e-4e87-b612-ec87b6abd364, 150446
432bcf9b-50b5-4216-b0de-07c4db494359, 151082
b90f2d15-afd4-438f-976d-edbc3e69c20f, 151716
9ccd4fb5-b92d-4026-8091-a95ae1697b16, 152394
3f199c96-b7cd-42f4-9aad-c3860868a5e6, 153053
a7d55f70-2796-4bef-976c-bb77d4917523, 153783
62780326-e49a-4bed-b90a-868e2621970d, 154452
7d882745-5f68-41e3-8531-d1ea8b3eb5b5, 155132
dfd0a34d-cbae-4286-bcc3-5b6177b208b2, 155824
b5a22507-fda4-4060-86df-ce1ea33fa6b7, 156514
5b87ffa5-0150-4e19-903f-4c5bdefe8531, 157218
cf1616e8-a2f4-4862-adbf-6ddaa0b5f7bb, 157903
86e7c52a-b310-4faf-8570-1cadb09d2d8a, 158604
d26819c2-0bdf-426b-afa2-7b8178586d36, 159322
9b79a51c-a10b-43c6-ae21-01ba2cd25b57, 160078
628fcff9-aea5-4208-a439-514a868cf925, 160894
35fffe04-4ad5-41e1-8b94-3600212de310, 161622
53a79dab-753e-4107-9776-3a8c1728fc63, 162350
5a64bfbd-7fe2-4848-9b61-79ddaf9babd6, 163133
aa04f854-c5a0-47b4-9ca5-ef9d69231bc0, 163892
6a36957c-6b7e-405a-87d3-f3a94bd72a35, 164643
86ea7081-dcd4-417a-8057-ba3b91f36f87, 165530
a16aae4f-58fb-4fd3-8db5-b58079de1082, 166346
6ad98e49-a573-43c1-8e19-9ee7f1554f07, 168208
06f8b963-ab9a-4cdb-ba12-9eb21d588026, 169036
ec2d2487-4c74-455a-ad91-481bd0a04381, 169811
82b0a70b-4097-4413-812a-e011c90d3a68, 170738
03bfadcd-7af0-42d2-9f6e-4c368ee2fd01, 172865
9bad15e8-40fe-4799-8249-875ba17540d4, 173723
fb04aab9-0c01-4e3c-b6db-b700f56f6469, 174549
c22ed6ff-4c8f-4931-a881-021c77b8943f, 175503
f06b0485-c60e-45fb-a5ab-fe3a4058128a, 176343
47d0a6ed-2b97-40fb-b4aa-a9c9bfceac2a, 177212
d5014316-3d49-44ea-aa6d-5123fca6f30f, 178069
511e42b6-35fd-4d1a-9fed-ac27df7a91b7, 178919
55f84a25-5275-47aa-9a56-f26146a36cab, 179790
3a2c2920-30f1-4d5a-acb3-699701b89345, 180680
bbe77410-f414-49a7-90e8-62d34b821fd7, 181525
e498c768-0919-4a00-b229-38fb2337b9ef, 182398
f05bf439-25cd-40a9-8700-37526dd1a1d1, 183504
a5a04ad1-aad1-42ae-b25c-a17aea73ed02, 184429
5807100f-d207-4fc9-b51c-6c2523e5644c, 187676
c4d7a996-3039-496d-a621-eb5ed8161a71, 188670
220c6abf-d109-4157-b181-156fbef48980, 189639
15b96e52-2af4-49ae-a974-cc9db892a783, 190785
39985b69-7794-4d57-9877-a1377e68c773, 192635
e0db6fcd-2097-4397-a82a-aa60b9cc144d, 193865
5dafa6eb-6ca1-4580-b2cb-219976d4e106, 195128
fc0ba171-9a2d-4d54-a41a-16d0c1f69a8c, 195572
f8a8155d-9abd-417f-ae3f-0fdb686103a1, 196033
39bdf995-eb3e-47b8-8f77-62b92f14d1f0, 196491
d7ded0c5-a8a0-42fc-9fe5-f1edfd4cc349, 196948
ea429030-5d5f-4fdc-ad37-21de148d23cb, 197415
8bb99cd7-ef6b-40c9-a43c-07b437917344, 197874
3a4d3ea5-8b58-49a5-b94d-17fd1ec1e0cc, 198332
6536023d-749d-42b2-9e75-87de223f0194, 198796
8ffbe665-0b92-4b49-a40b-462df1b3e36d, 199252
9cc2ead0-16ad-41d6-8f47-2b999297de4d, 199723
2a5dd8ed-b0e4-481f-9cd0-3ccae0461c20, 200193
0de8104b-4f4b-4bee-8db7-b2111171f988, 200657
198bf59f-fb74-40a2-b2c7-c767426c3585, 201119
15a8c7ce-68ee-457d-aa78-bb90ca89670b, 201583
f9553624-f511-4927-b71d-dfadbc5e8769, 202070
1f34cbca-361b-4485-acd0-28612cbe3f34, 202538
9b4fac6c-0e88-45a8-bfc7-2b136965c088, 203014
1a4a5592-1ce6-4431-b98a-75ce7811d592, 203489
1c612cd7-e5bf-43ac-a6d9-d8e8c6ceffc8, 203960
6712b344-51fe-4c56-a7df-39c8630a09f5, 204434
17824aab-45ac-456c-805c-847e7af8dee5, 204910
6c12edaa-f9b1-4eba-82a4-f7961c359b35, 205399
4688065a-899f-4ec2-8cbf-a860ff387e56, 205873
b675309a-a79f-4399-844d-7ee532add088, 206348
bdc8acca-1da3-47db-aad3-334b7a186360, 206827
5c206583-461a-4522-b30a-46b1657e4fdc, 207305
0a2bc917-f240-4286-a5de-abe5f587e9bd, 207790
66ae6cba-20e9-44d3-8edb-b2838ede2c65, 208279
fbf82a8e-908f-4bca-8fcd-c69832988d5a, 208761
21d57005-0fdb-4b9e-8f79-b07cd4c4db80, 209246
94a22530-6a96-4e52-917d-66da13b12154, 209728
57ed556f-b32b-4a90-b765-0356673bce89, 210215
76db6e65-47e2-443c-8d01-77144210ca74, 210719
ed521164-9421-4fdf-b159-7b13ed70ec89, 211201
526de674-d714-4bde-97a1-a165e27f9ac6, 211690
86b5efe9-c37a-4a9b-aecb-562e5f812559, 212173
8595605a-5136-4e21-8c45-8cbf6aaa767b, 212659
3d7809be-5b62-45e5-8918-5e31f9165d04, 213145
86bfdbb4-c1d2-404b-8836-ee54f0ac4b64, 213633
da8a0cf4-adee-44d0-8bcf-557a6420b44e, 214124
9611b1a5-da7c-4ea3-9f49-43bdc7774915, 214609
c14c59ba-a73a-4e42-a23b-b46928dcabe8, 215100
39d67f23-28bc-45fe-9892-35efb63fed8e, 215582
b2885256-abcf-4a27-892b-06b88f9c53c7, 216085
e1bf2e4f-2e2c-4105-98db-2e89acaf8808, 216571
e8c9b3c0-9914-432b-882e-78ea71918f0f, 217070
dd55a178-5b46-43d6-ac87-65a53f399201, 217560
7a11f31c-fb13-4bb2-a9f9-c4f67b65686a, 218061
5f8c7a7c-291e-4bb6-9ee0-7a935bd94642, 218549
7aff8f0e-1cbd-4d80-a8f2-9d51259abcf2, 219035
9720106f-180d-47e7-bd47-077e5ff8e0f8, 219528
5bc9b903-6c22-4836-ac4e-401cb5fe1547, 220019
78cedbe1-826d-490d-a376-1b689302a7a7, 220513
f7f41404-f669-4807-9ab8-6f6ec7303c1e, 221002
544b5264-2c65-49e7-878e-2793a0a51845, 221497
e0272be5-18aa-40a5-ab46-9f75e3ba7b34, 221982
fb2303da-7174-4f70-aacc-4ffb10037c8f, 222483
54294755-430f-4d64-8f48-89aac13589f1, 222980
68dbe698-16a5-46b4-aa91-ee763cb49134, 223480
714a1a0d-a8ce-4a1c-b2e2-5cc7534da160, 223982
0029ce59-67db-4cc7-896b-8120983611ba, 224480
1c33550a-7192-4d84-8f36-618520a40e6c, 224969
90b5e362-bac9-4c8c-92bb-f6a60999e6ff, 225470
4b078fa3-aa97-425b-ba1e-88cd8da92a11, 225952
e54d0a80-0aeb-46c2-94b8-088dd0ea73a5, 226453
2baeed14-461c-4927-95a9-ee3c5aa5842b, 226937
5a7c16c9-ce40-48e2-8821-810ac64ab296, 227441
a07c6cc0-c9e1-4d2d-a61e-d09e80bf45dd, 227922
dac08e53-fffb-40e6-8aa6-79b3e97b6db6, 228423
9151fdc9-b28c-4d35-b638-4cbc68ad3b91, 228916
977bc9e2-37ed-4d74-b7ae-68cb6954d545, 229414
306adeee-e931-46c8-af03-fd8e41e62542, 229906
3bbb34c1-1f29-4442-98d9-04af993f29e0, 230439
837bbfd1-3919-4edb-a364-d418524e0819, 230992
