Execution ID, Attribute name, Shape D1, Shape D2, Shape D3
131ff9f5-46b3-4e74-b189-033a996483b5, envelope, 200, 100, 100
fe3c8715-2850-4768-8627-e28d7a1763b2, envelope, 200, 100, 100
a7e81f33-ee16-4f44-a7da-315b5fc7df7e, envelope, 200, 100, 100
2543b2d1-1a43-4c2b-8056-2602855799ed, envelope, 200, 100, 100
0f4e1444-c230-431a-b27f-83feaae70bcb, envelope, 200, 100, 100
8b0a8f53-271e-4428-91ed-97d4a6a52fae, envelope, 400, 100, 100
cd8690d6-7141-4be8-89e5-dff07c2d636a, envelope, 400, 100, 100
dbfb335b-6aaf-415b-ab53-1f3a86c6face, envelope, 400, 100, 100
3f4b4e45-7d92-414c-acec-6ac710b9b204, envelope, 400, 100, 100
f41dc52c-f030-4107-a9d8-18f166817486, envelope, 400, 100, 100
8921a04a-ee3f-4d25-b30a-fec2e902aaa8, envelope, 600, 100, 100
b351c066-094d-4e30-8d97-7286a379d80a, envelope, 600, 100, 100
6ea155c4-4982-4b5b-8f4c-5d46ab398703, envelope, 600, 100, 100
daddce77-50e7-42f0-983e-4d7a99d01426, envelope, 600, 100, 100
bb6f5c63-3cb0-4147-945c-d52c60404acc, envelope, 600, 100, 100
4365655a-b760-40d7-9cd4-0da551302038, envelope, 800, 100, 100
54a81c9c-0a77-4db9-afbe-0a31bb16cd59, envelope, 800, 100, 100
86964313-8cc2-428e-9e53-446645fd4009, envelope, 800, 100, 100
b59e6d84-e19b-4044-b62a-9d77ae9f32dd, envelope, 800, 100, 100
207805e0-7e24-452a-a22c-2d88ea86ca54, envelope, 800, 100, 100
a6f9eecd-ca86-414b-bd5e-2293d5d91b9b, envelope, 1000, 100, 100
db22a87f-1fd7-433f-9ef0-b46a1e10f1f9, envelope, 1000, 100, 100
9b3fa7d5-5497-4391-a070-6fdaf51f908a, envelope, 1000, 100, 100
b86cc05b-d070-42e9-a1c3-a6d0fbfd68e2, envelope, 1000, 100, 100
77a418d9-c4c8-4bbf-9af2-d287a6b478b8, envelope, 1000, 100, 100
17019ffe-953d-4edd-bdc3-cfb0ef8c68ea, envelope, 1200, 100, 100
6f2c198e-c451-4bf8-b413-953939155fa4, envelope, 1200, 100, 100
0db8b75b-aee0-4640-9736-07b34117590d, envelope, 1200, 100, 100
fa66f8cf-db5d-4b42-af2c-055798335808, envelope, 1200, 100, 100
d7bd9eb8-f02c-49bd-8db2-3ed22ae52407, envelope, 1200, 100, 100
2a99f3ce-e2c6-4295-b9cd-0c64ba776642, envelope, 1400, 100, 100
0ca890f4-b839-41f6-bda7-d7baa4941773, envelope, 1400, 100, 100
a24d9179-946c-4eaa-8248-9e291d08b2c9, envelope, 1400, 100, 100
5cd61cd7-9500-4efb-ba89-01c98928c454, envelope, 1400, 100, 100
062160d1-0db6-4b30-ae4d-1100750bae19, envelope, 1400, 100, 100
c0b08004-19e6-467a-a6f7-a002a55e5fe2, envelope, 1600, 100, 100
1bd88766-ed99-4c3e-99a5-10ba4e25accd, envelope, 1600, 100, 100
e69388f6-9989-4b7c-ae5d-1e38456d8693, envelope, 1600, 100, 100
a2758167-9e2e-46ac-9df3-12f67f74c11a, envelope, 1600, 100, 100
8d17e8b2-5e74-4582-b3b9-d5633b108b13, envelope, 1600, 100, 100
f257414e-e85e-4295-b552-0aece4d74544, envelope, 1800, 100, 100
9626d48f-f52a-4fe4-b86d-27fec5a1d633, envelope, 1800, 100, 100
558053c5-ed32-4b04-aed6-f0131bb4bea5, envelope, 1800, 100, 100
ef3ea0f2-b5cf-4b33-82cf-7a136e85dba2, envelope, 1800, 100, 100
71fdf668-409a-4d0a-bf3b-daccf391621b, envelope, 1800, 100, 100
58397ee2-455f-42fd-a6ce-658d65a9f449, envelope, 2000, 100, 100
086a5afd-067c-49f4-a9d1-fe4c2a5ae209, envelope, 2000, 100, 100
050606da-09c5-408b-9ddf-ece8925a6d7d, envelope, 2000, 100, 100
01a9d9ea-d9e4-4e18-9c91-9bc8630869cb, envelope, 2000, 100, 100
c4c0cb9a-a8ac-419b-894b-c231d7fdd349, envelope, 2000, 100, 100
13e4d90f-5ac4-4b19-90f5-872fb26011eb, envelope, 2200, 100, 100
52fd385e-549f-40e6-84d7-a97b227c5f78, envelope, 2200, 100, 100
a255d501-1687-4c26-aa69-99df9dd49b7b, envelope, 2200, 100, 100
3ac4ffb4-a80f-4408-92d5-01085adda285, envelope, 2200, 100, 100
9156069e-c275-4ee5-90bd-5550e84721f8, envelope, 2200, 100, 100
c9e2ab40-1397-4b8d-b9b4-bb34c8cc43c5, envelope, 2400, 100, 100
6818d595-0b58-4ff8-905c-eb76ecef540a, envelope, 2400, 100, 100
f9caf8e3-d53f-406d-98d8-42f43043c787, envelope, 2400, 100, 100
000f0f7e-237b-44ed-b86e-d885f337c20c, envelope, 2400, 100, 100
4f8dc130-e6e6-4ffd-9293-124720f64800, envelope, 2400, 100, 100
ed640368-a9d3-401e-8b0e-60c0dd34fa15, envelope, 2600, 100, 100
fba549e1-3583-4b56-a0e9-34f28b6c635e, envelope, 2600, 100, 100
80b009f7-fbe5-4117-89a1-dadf13ea4bc9, envelope, 2600, 100, 100
a6c2db58-7117-4e46-af7f-818fff4de3df, envelope, 2600, 100, 100
3413b68c-e10f-4cf9-80f9-39504ae25e1d, envelope, 2600, 100, 100
bd700918-2297-45b3-9e36-1bcabcd7fca6, envelope, 2800, 100, 100
bc1806cc-85a9-4640-a9af-4f9d71c24bd8, envelope, 2800, 100, 100
bc16cb1f-c5a1-4555-b712-5a3da9864c9c, envelope, 2800, 100, 100
0f2c305f-435a-4cdf-ae20-0959f9ff9491, envelope, 2800, 100, 100
1144cd86-5cf5-4a48-afdb-1fda8f7d7b70, envelope, 2800, 100, 100
33d7c32d-a0a0-4a94-879d-3cb520212d14, envelope, 3000, 100, 100
b5256ab5-3019-4e95-b7a9-48ab075104a0, envelope, 3000, 100, 100
2d5de8e0-8ddf-4ef7-9d7f-4a357e2d7018, envelope, 3000, 100, 100
7a905f0c-5354-44cd-9cfe-318def1589af, envelope, 3000, 100, 100
1e6997d4-fbba-41db-a4d4-2dc83871c598, envelope, 3000, 100, 100
0ea60dc9-9428-4d22-91dc-249616d5e833, semblance, 200, 100, 100
ca15a672-18f6-4d96-a1a2-fc28ed448792, semblance, 200, 100, 100
986e160d-62e5-46c7-8393-826756a3eac2, semblance, 200, 100, 100
3d0e11d7-960a-428f-ac13-d57a6914bfc9, semblance, 200, 100, 100
bb8e1730-bfb9-4cb1-a453-df0823e92a7b, semblance, 200, 100, 100
cf00aabb-fa3d-40d1-9ada-b69c8076efc7, semblance, 400, 100, 100
06019211-0442-4c29-9463-73dab1e4b258, semblance, 400, 100, 100
64c6e5ce-5d8b-4cd5-a15e-a3c648d9a9fe, semblance, 400, 100, 100
6a5565ca-2169-4367-8254-7487524568c6, semblance, 400, 100, 100
fde5cfed-4eb4-41ef-b8a2-96d36dc6f1d6, semblance, 400, 100, 100
807acd68-6929-488e-adf1-7b4dbb69d4c4, semblance, 600, 100, 100
9cdb00e1-4d68-4407-8d6c-f6c105efbd11, semblance, 600, 100, 100
dbc79c08-dd32-4c47-8468-174b9680212b, semblance, 600, 100, 100
03a264e2-04fa-4af2-8cdd-1b375472578d, semblance, 600, 100, 100
4287e2e3-1e56-4ffc-b3c8-83ac3aaddb6b, semblance, 600, 100, 100
848c0197-0782-49d4-bb67-f3fc62bebad8, semblance, 800, 100, 100
1fbb1a0f-0d95-44a3-ba71-5fc1824e6b0e, semblance, 800, 100, 100
ddf50afd-b839-4404-aab5-1972b81356ae, semblance, 800, 100, 100
8e5db9c1-e5e9-4c3b-8715-858ff98faf5f, semblance, 800, 100, 100
2e0079e9-4ec3-4ea8-b8f4-a2e703748702, semblance, 800, 100, 100
6802c9ef-983b-4f2c-8e93-9b456372ffc4, semblance, 1000, 100, 100
b4675ddb-ccd7-4d64-83f3-c0b7d8ec9c7b, semblance, 1000, 100, 100
6c3a5d07-ca36-4dd1-ac64-baec466a6ba4, semblance, 1000, 100, 100
a49dd03b-790b-4b03-9402-290e472bb10a, semblance, 1000, 100, 100
10c6016c-ac02-4554-a864-b0fc8983620f, semblance, 1000, 100, 100
33f5c140-4f9e-4715-a204-757a8fa0ae51, semblance, 1200, 100, 100
377fff0e-2527-400e-97d5-fb8d0e6963ca, semblance, 1200, 100, 100
82a36960-2653-4396-bcd1-59dd73dd81fc, semblance, 1200, 100, 100
dbc03361-8a7e-4e87-b612-ec87b6abd364, semblance, 1200, 100, 100
432bcf9b-50b5-4216-b0de-07c4db494359, semblance, 1200, 100, 100
b90f2d15-afd4-438f-976d-edbc3e69c20f, semblance, 1400, 100, 100
9ccd4fb5-b92d-4026-8091-a95ae1697b16, semblance, 1400, 100, 100
3f199c96-b7cd-42f4-9aad-c3860868a5e6, semblance, 1400, 100, 100
a7d55f70-2796-4bef-976c-bb77d4917523, semblance, 1400, 100, 100
62780326-e49a-4bed-b90a-868e2621970d, semblance, 1400, 100, 100
7d882745-5f68-41e3-8531-d1ea8b3eb5b5, semblance, 1600, 100, 100
dfd0a34d-cbae-4286-bcc3-5b6177b208b2, semblance, 1600, 100, 100
b5a22507-fda4-4060-86df-ce1ea33fa6b7, semblance, 1600, 100, 100
5b87ffa5-0150-4e19-903f-4c5bdefe8531, semblance, 1600, 100, 100
cf1616e8-a2f4-4862-adbf-6ddaa0b5f7bb, semblance, 1600, 100, 100
86e7c52a-b310-4faf-8570-1cadb09d2d8a, semblance, 1800, 100, 100
d26819c2-0bdf-426b-afa2-7b8178586d36, semblance, 1800, 100, 100
9b79a51c-a10b-43c6-ae21-01ba2cd25b57, semblance, 1800, 100, 100
628fcff9-aea5-4208-a439-514a868cf925, semblance, 1800, 100, 100
35fffe04-4ad5-41e1-8b94-3600212de310, semblance, 1800, 100, 100
53a79dab-753e-4107-9776-3a8c1728fc63, semblance, 2000, 100, 100
5a64bfbd-7fe2-4848-9b61-79ddaf9babd6, semblance, 2000, 100, 100
aa04f854-c5a0-47b4-9ca5-ef9d69231bc0, semblance, 2000, 100, 100
6a36957c-6b7e-405a-87d3-f3a94bd72a35, semblance, 2000, 100, 100
86ea7081-dcd4-417a-8057-ba3b91f36f87, semblance, 2000, 100, 100
a16aae4f-58fb-4fd3-8db5-b58079de1082, semblance, 2200, 100, 100
6ad98e49-a573-43c1-8e19-9ee7f1554f07, semblance, 2200, 100, 100
06f8b963-ab9a-4cdb-ba12-9eb21d588026, semblance, 2200, 100, 100
ec2d2487-4c74-455a-ad91-481bd0a04381, semblance, 2200, 100, 100
82b0a70b-4097-4413-812a-e011c90d3a68, semblance, 2200, 100, 100
03bfadcd-7af0-42d2-9f6e-4c368ee2fd01, semblance, 2400, 100, 100
9bad15e8-40fe-4799-8249-875ba17540d4, semblance, 2400, 100, 100
fb04aab9-0c01-4e3c-b6db-b700f56f6469, semblance, 2400, 100, 100
c22ed6ff-4c8f-4931-a881-021c77b8943f, semblance, 2400, 100, 100
f06b0485-c60e-45fb-a5ab-fe3a4058128a, semblance, 2400, 100, 100
47d0a6ed-2b97-40fb-b4aa-a9c9bfceac2a, semblance, 2600, 100, 100
d5014316-3d49-44ea-aa6d-5123fca6f30f, semblance, 2600, 100, 100
511e42b6-35fd-4d1a-9fed-ac27df7a91b7, semblance, 2600, 100, 100
55f84a25-5275-47aa-9a56-f26146a36cab, semblance, 2600, 100, 100
3a2c2920-30f1-4d5a-acb3-699701b89345, semblance, 2600, 100, 100
bbe77410-f414-49a7-90e8-62d34b821fd7, semblance, 2800, 100, 100
e498c768-0919-4a00-b229-38fb2337b9ef, semblance, 2800, 100, 100
f05bf439-25cd-40a9-8700-37526dd1a1d1, semblance, 2800, 100, 100
a5a04ad1-aad1-42ae-b25c-a17aea73ed02, semblance, 2800, 100, 100
5807100f-d207-4fc9-b51c-6c2523e5644c, semblance, 2800, 100, 100
c4d7a996-3039-496d-a621-eb5ed8161a71, semblance, 3000, 100, 100
220c6abf-d109-4157-b181-156fbef48980, semblance, 3000, 100, 100
15b96e52-2af4-49ae-a974-cc9db892a783, semblance, 3000, 100, 100
39985b69-7794-4d57-9877-a1377e68c773, semblance, 3000, 100, 100
e0db6fcd-2097-4397-a82a-aa60b9cc144d, semblance, 3000, 100, 100
5dafa6eb-6ca1-4580-b2cb-219976d4e106, gst3d, 200, 100, 100
fc0ba171-9a2d-4d54-a41a-16d0c1f69a8c, gst3d, 200, 100, 100
f8a8155d-9abd-417f-ae3f-0fdb686103a1, gst3d, 200, 100, 100
39bdf995-eb3e-47b8-8f77-62b92f14d1f0, gst3d, 200, 100, 100
d7ded0c5-a8a0-42fc-9fe5-f1edfd4cc349, gst3d, 200, 100, 100
ea429030-5d5f-4fdc-ad37-21de148d23cb, gst3d, 400, 100, 100
8bb99cd7-ef6b-40c9-a43c-07b437917344, gst3d, 400, 100, 100
3a4d3ea5-8b58-49a5-b94d-17fd1ec1e0cc, gst3d, 400, 100, 100
6536023d-749d-42b2-9e75-87de223f0194, gst3d, 400, 100, 100
8ffbe665-0b92-4b49-a40b-462df1b3e36d, gst3d, 400, 100, 100
9cc2ead0-16ad-41d6-8f47-2b999297de4d, gst3d, 600, 100, 100
2a5dd8ed-b0e4-481f-9cd0-3ccae0461c20, gst3d, 600, 100, 100
0de8104b-4f4b-4bee-8db7-b2111171f988, gst3d, 600, 100, 100
198bf59f-fb74-40a2-b2c7-c767426c3585, gst3d, 600, 100, 100
15a8c7ce-68ee-457d-aa78-bb90ca89670b, gst3d, 600, 100, 100
f9553624-f511-4927-b71d-dfadbc5e8769, gst3d, 800, 100, 100
1f34cbca-361b-4485-acd0-28612cbe3f34, gst3d, 800, 100, 100
9b4fac6c-0e88-45a8-bfc7-2b136965c088, gst3d, 800, 100, 100
1a4a5592-1ce6-4431-b98a-75ce7811d592, gst3d, 800, 100, 100
1c612cd7-e5bf-43ac-a6d9-d8e8c6ceffc8, gst3d, 800, 100, 100
6712b344-51fe-4c56-a7df-39c8630a09f5, gst3d, 1000, 100, 100
17824aab-45ac-456c-805c-847e7af8dee5, gst3d, 1000, 100, 100
6c12edaa-f9b1-4eba-82a4-f7961c359b35, gst3d, 1000, 100, 100
4688065a-899f-4ec2-8cbf-a860ff387e56, gst3d, 1000, 100, 100
b675309a-a79f-4399-844d-7ee532add088, gst3d, 1000, 100, 100
bdc8acca-1da3-47db-aad3-334b7a186360, gst3d, 1200, 100, 100
5c206583-461a-4522-b30a-46b1657e4fdc, gst3d, 1200, 100, 100
0a2bc917-f240-4286-a5de-abe5f587e9bd, gst3d, 1200, 100, 100
66ae6cba-20e9-44d3-8edb-b2838ede2c65, gst3d, 1200, 100, 100
fbf82a8e-908f-4bca-8fcd-c69832988d5a, gst3d, 1200, 100, 100
21d57005-0fdb-4b9e-8f79-b07cd4c4db80, gst3d, 1400, 100, 100
94a22530-6a96-4e52-917d-66da13b12154, gst3d, 1400, 100, 100
57ed556f-b32b-4a90-b765-0356673bce89, gst3d, 1400, 100, 100
76db6e65-47e2-443c-8d01-77144210ca74, gst3d, 1400, 100, 100
ed521164-9421-4fdf-b159-7b13ed70ec89, gst3d, 1400, 100, 100
526de674-d714-4bde-97a1-a165e27f9ac6, gst3d, 1600, 100, 100
86b5efe9-c37a-4a9b-aecb-562e5f812559, gst3d, 1600, 100, 100
8595605a-5136-4e21-8c45-8cbf6aaa767b, gst3d, 1600, 100, 100
3d7809be-5b62-45e5-8918-5e31f9165d04, gst3d, 1600, 100, 100
86bfdbb4-c1d2-404b-8836-ee54f0ac4b64, gst3d, 1600, 100, 100
da8a0cf4-adee-44d0-8bcf-557a6420b44e, gst3d, 1800, 100, 100
9611b1a5-da7c-4ea3-9f49-43bdc7774915, gst3d, 1800, 100, 100
c14c59ba-a73a-4e42-a23b-b46928dcabe8, gst3d, 1800, 100, 100
39d67f23-28bc-45fe-9892-35efb63fed8e, gst3d, 1800, 100, 100
b2885256-abcf-4a27-892b-06b88f9c53c7, gst3d, 1800, 100, 100
e1bf2e4f-2e2c-4105-98db-2e89acaf8808, gst3d, 2000, 100, 100
e8c9b3c0-9914-432b-882e-78ea71918f0f, gst3d, 2000, 100, 100
dd55a178-5b46-43d6-ac87-65a53f399201, gst3d, 2000, 100, 100
7a11f31c-fb13-4bb2-a9f9-c4f67b65686a, gst3d, 2000, 100, 100
5f8c7a7c-291e-4bb6-9ee0-7a935bd94642, gst3d, 2000, 100, 100
7aff8f0e-1cbd-4d80-a8f2-9d51259abcf2, gst3d, 2200, 100, 100
9720106f-180d-47e7-bd47-077e5ff8e0f8, gst3d, 2200, 100, 100
5bc9b903-6c22-4836-ac4e-401cb5fe1547, gst3d, 2200, 100, 100
78cedbe1-826d-490d-a376-1b689302a7a7, gst3d, 2200, 100, 100
f7f41404-f669-4807-9ab8-6f6ec7303c1e, gst3d, 2200, 100, 100
544b5264-2c65-49e7-878e-2793a0a51845, gst3d, 2400, 100, 100
e0272be5-18aa-40a5-ab46-9f75e3ba7b34, gst3d, 2400, 100, 100
fb2303da-7174-4f70-aacc-4ffb10037c8f, gst3d, 2400, 100, 100
54294755-430f-4d64-8f48-89aac13589f1, gst3d, 2400, 100, 100
68dbe698-16a5-46b4-aa91-ee763cb49134, gst3d, 2400, 100, 100
714a1a0d-a8ce-4a1c-b2e2-5cc7534da160, gst3d, 2600, 100, 100
0029ce59-67db-4cc7-896b-8120983611ba, gst3d, 2600, 100, 100
1c33550a-7192-4d84-8f36-618520a40e6c, gst3d, 2600, 100, 100
90b5e362-bac9-4c8c-92bb-f6a60999e6ff, gst3d, 2600, 100, 100
4b078fa3-aa97-425b-ba1e-88cd8da92a11, gst3d, 2600, 100, 100
e54d0a80-0aeb-46c2-94b8-088dd0ea73a5, gst3d, 2800, 100, 100
2baeed14-461c-4927-95a9-ee3c5aa5842b, gst3d, 2800, 100, 100
5a7c16c9-ce40-48e2-8821-810ac64ab296, gst3d, 2800, 100, 100
a07c6cc0-c9e1-4d2d-a61e-d09e80bf45dd, gst3d, 2800, 100, 100
dac08e53-fffb-40e6-8aa6-79b3e97b6db6, gst3d, 2800, 100, 100
9151fdc9-b28c-4d35-b638-4cbc68ad3b91, gst3d, 3000, 100, 100
977bc9e2-37ed-4d74-b7ae-68cb6954d545, gst3d, 3000, 100, 100
306adeee-e931-46c8-af03-fd8e41e62542, gst3d, 3000, 100, 100
3bbb34c1-1f29-4442-98d9-04af993f29e0, gst3d, 3000, 100, 100
837bbfd1-3919-4edb-a364-d418524e0819, gst3d, 3000, 100, 100
