Execution entrypoint PID, Timestamp, PID, Process type, Rss, Shared_Clean, Shared_Dirty, Swap
209307, 1699640719, 209307, client, 8704, 2080, 0, 0
209307, 1699640719, 209307, client, 8704, 2080, 0, 0
209307, 1699640719, 209307, client, 8704, 2080, 0, 0
209307, 1699640719, 209307, client, 8704, 2080, 0, 0
209307, 1699640719, 209307, client, 8704, 2080, 0, 0
209307, 1699640720, 209307, client, 8704, 2080, 0, 0
209307, 1699640720, 209307, client, 8704, 2080, 0, 0
209307, 1699640720, 209307, client, 21160, 2080, 0, 0
209307, 1699640720, 209307, client, 45848, 2080, 0, 0
209307, 1699640720, 209307, client, 178384, 2180, 0, 0
209307, 1699640720, 209307, client, 243272, 2180, 0, 0
209307, 1699640720, 209307, client, 422780, 2180, 0, 0
209307, 1699640721, 209307, client, 666492, 2180, 0, 0
209307, 1699640721, 209307, client, 912252, 2180, 0, 0
209307, 1699640721, 209307, client, 1029752, 2180, 0, 0
209307, 1699640721, 209307, client, 1029752, 2180, 0, 0
209307, 1699640721, 209307, client, 1029752, 2180, 0, 0
209307, 1699640721, 209307, client, 1029904, 2180, 0, 0
209307, 1699640721, 209307, client, 1029904, 2180, 0, 0
209307, 1699640722, 209307, client, 1029904, 2180, 0, 0
209307, 1699640722, 209307, client, 1029904, 2180, 0, 0
209307, 1699640722, 209307, client, 1029904, 2180, 0, 0
209307, 1699640722, 209307, client, 1029904, 2180, 0, 0
209307, 1699640722, 209307, client, 1029904, 2180, 0, 0
209307, 1699640722, 209307, client, 1040168, 2180, 0, 0
209307, 1699640722, 209307, client, 1055152, 2180, 0, 0
209307, 1699640723, 209307, client, 1108920, 2288, 0, 0
209307, 1699640723, 209307, client, 1120020, 2288, 0, 0
209307, 1699640723, 209307, client, 1135560, 2536, 0, 0
209307, 1699640723, 209307, client, 1143508, 2536, 0, 0
209307, 1699640723, 209307, client, 1147252, 2536, 0, 0
209307, 1699640723, 209307, client, 1158840, 11724, 0, 0
209307, 1699640723, 210168, server, 10620, 5652, 0, 0
209307, 1699640723, 210170, server, 27264, 10448, 0, 0
209307, 1699640723, 210174, server, 35064, 11484, 0, 0
209307, 1699640723, 210176, server, 36876, 11872, 0, 0
209307, 1699640724, 209307, client, 1158840, 13424, 0, 0
209307, 1699640724, 210168, server, 10620, 5652, 0, 0
209307, 1699640724, 210170, server, 31856, 9404, 0, 0
209307, 1699640724, 210174, server, 68748, 19912, 0, 0
209307, 1699640724, 210176, server, 70492, 19908, 0, 0
209307, 1699640724, 209307, client, 1158900, 21836, 0, 0
209307, 1699640724, 210168, server, 10620, 5652, 0, 0
209307, 1699640724, 210170, server, 86172, 21612, 0, 0
209307, 1699640724, 210174, server, 90280, 24332, 0, 0
209307, 1699640724, 210176, server, 88000, 27712, 0, 0
209307, 1699640724, 209307, client, 1132560, 48816, 8, 0
209307, 1699640724, 210168, server, 10620, 5652, 0, 0
209307, 1699640724, 210170, server, 147732, 51296, 4, 0
209307, 1699640724, 210174, server, 147288, 49736, 4, 0
209307, 1699640724, 210176, server, 148488, 51880, 4, 0
209307, 1699640724, 209307, client, 1170984, 50540, 8, 0
209307, 1699640724, 210168, server, 10620, 5652, 0, 0
209307, 1699640724, 210170, server, 147732, 51296, 4, 0
209307, 1699640724, 210174, server, 147292, 49736, 4, 0
209307, 1699640724, 210176, server, 148488, 51880, 4, 0
209307, 1699640724, 209307, client, 1205648, 51776, 12, 0
209307, 1699640724, 210168, server, 10620, 5652, 0, 0
209307, 1699640724, 210170, server, 147732, 51296, 4, 0
209307, 1699640724, 210174, server, 147292, 49736, 4, 0
209307, 1699640724, 210176, server, 148488, 51880, 4, 0
209307, 1699640724, 209307, client, 1218684, 51736, 12, 0
209307, 1699640724, 210168, server, 10620, 5652, 0, 0
209307, 1699640724, 210170, server, 147740, 51296, 4, 0
209307, 1699640724, 210174, server, 147292, 49736, 4, 0
209307, 1699640724, 210176, server, 148492, 51880, 4, 0
209307, 1699640725, 209307, client, 1239608, 51760, 12, 0
209307, 1699640725, 210168, server, 10620, 5652, 0, 0
209307, 1699640725, 210170, server, 147740, 51296, 4, 0
209307, 1699640725, 210174, server, 147552, 49740, 4, 0
209307, 1699640725, 210176, server, 148492, 51880, 4, 0
209307, 1699640725, 209307, client, 1530312, 51760, 12, 0
209307, 1699640725, 210168, server, 10620, 5652, 0, 0
209307, 1699640725, 210170, server, 150740, 51296, 4, 0
209307, 1699640725, 210174, server, 150292, 49740, 4, 0
209307, 1699640725, 210176, server, 148544, 51880, 4, 0
209307, 1699640725, 209307, client, 2107176, 50832, 12, 0
209307, 1699640725, 210168, server, 10620, 5652, 0, 0
209307, 1699640725, 210170, server, 150740, 51296, 4, 0
209307, 1699640725, 210174, server, 150292, 49740, 4, 0
209307, 1699640725, 210176, server, 148544, 51880, 4, 0
209307, 1699640725, 209307, client, 2689160, 51760, 12, 0
209307, 1699640725, 210168, server, 10620, 5652, 0, 0
209307, 1699640725, 210170, server, 150740, 51296, 4, 0
209307, 1699640725, 210174, server, 150304, 49740, 4, 0
209307, 1699640725, 210176, server, 148560, 51880, 4, 0
209307, 1699640725, 209307, client, 3121976, 51760, 12, 0
209307, 1699640725, 210168, server, 10620, 5652, 0, 0
209307, 1699640725, 210170, server, 150752, 51296, 4, 0
209307, 1699640725, 210174, server, 150312, 49740, 4, 0
209307, 1699640725, 210176, server, 148568, 51880, 4, 0
209307, 1699640726, 209307, client, 2442416, 51760, 12, 0
209307, 1699640726, 210168, server, 10620, 5652, 0, 0
209307, 1699640726, 210170, server, 150752, 51296, 4, 0
209307, 1699640726, 210174, server, 150312, 49740, 4, 0
209307, 1699640726, 210176, server, 148568, 51880, 4, 0
209307, 1699640726, 209307, client, 2687216, 51760, 12, 0
209307, 1699640726, 210168, server, 10620, 5652, 0, 0
209307, 1699640726, 210170, server, 150756, 51296, 4, 0
209307, 1699640726, 210174, server, 150316, 49740, 4, 0
209307, 1699640726, 210176, server, 148576, 51880, 4, 0
209307, 1699640726, 209307, client, 2804948, 51760, 12, 0
209307, 1699640726, 210168, server, 10620, 5652, 0, 0
209307, 1699640726, 210170, server, 246236, 51296, 4, 0
209307, 1699640726, 210174, server, 371580, 49740, 4, 0
209307, 1699640726, 210176, server, 340740, 46652, 4, 0
209307, 1699640726, 209307, client, 2804964, 65860, 12, 0
209307, 1699640726, 210168, server, 10620, 5652, 0, 0
209307, 1699640726, 210170, server, 430444, 65384, 4, 0
209307, 1699640726, 210174, server, 502564, 63328, 4, 0
209307, 1699640726, 210176, server, 401760, 67012, 4, 0
209307, 1699640726, 209307, client, 2804968, 135784, 12, 0
209307, 1699640726, 210168, server, 10620, 5652, 0, 0
209307, 1699640726, 210170, server, 559060, 130236, 4, 0
209307, 1699640726, 210174, server, 630320, 128320, 4, 0
209307, 1699640726, 210176, server, 498540, 109700, 4, 0
209307, 1699640727, 209307, client, 2804968, 147252, 12, 0
209307, 1699640727, 210168, server, 10620, 5652, 0, 0
209307, 1699640727, 210170, server, 495720, 110336, 4, 0
209307, 1699640727, 210174, server, 635484, 130444, 4, 0
209307, 1699640727, 210176, server, 563628, 142796, 4, 0
209307, 1699640727, 209307, client, 2804972, 147436, 12, 0
209307, 1699640727, 210168, server, 10620, 5652, 0, 0
209307, 1699640727, 210170, server, 606836, 145680, 4, 0
209307, 1699640727, 210174, server, 659308, 138432, 4, 0
209307, 1699640727, 210176, server, 495920, 101264, 4, 0
209307, 1699640727, 209307, client, 2804972, 149556, 12, 0
209307, 1699640727, 210168, server, 10620, 5652, 0, 0
209307, 1699640727, 210170, server, 624452, 146344, 4, 0
209307, 1699640727, 210174, server, 702636, 146732, 4, 0
209307, 1699640727, 210176, server, 506004, 103100, 4, 0
209307, 1699640727, 209307, client, 2804976, 151080, 12, 0
209307, 1699640727, 210168, server, 10620, 5652, 0, 0
209307, 1699640727, 210170, server, 827972, 149576, 4, 0
209307, 1699640727, 210174, server, 860264, 143700, 4, 0
209307, 1699640727, 210176, server, 813544, 148424, 4, 0
209307, 1699640728, 209307, client, 2804984, 151108, 12, 0
209307, 1699640728, 210168, server, 10620, 5652, 0, 0
209307, 1699640728, 210170, server, 1438688, 149984, 4, 0
209307, 1699640728, 210174, server, 1794044, 143052, 4, 0
209307, 1699640728, 210176, server, 863084, 116992, 4, 0
209307, 1699640728, 209307, client, 2805004, 151108, 12, 0
209307, 1699640728, 210168, server, 10620, 5652, 0, 0
209307, 1699640728, 210170, server, 1330220, 149984, 4, 0
209307, 1699640728, 210174, server, 2111808, 148380, 4, 0
209307, 1699640728, 210176, server, 1431716, 148476, 4, 0
209307, 1699640728, 209307, client, 2786160, 149080, 12, 0
209307, 1699640728, 210168, server, 10620, 5652, 0, 0
209307, 1699640728, 210170, server, 887260, 149984, 4, 0
209307, 1699640728, 210174, server, 1030580, 148380, 4, 0
209307, 1699640728, 210176, server, 824716, 148476, 4, 0
209307, 1699640729, 209307, client, 3715064, 151108, 12, 0
209307, 1699640729, 210168, server, 10620, 5652, 0, 0
209307, 1699640729, 210170, server, 887264, 149984, 4, 0
209307, 1699640729, 210174, server, 1030580, 148380, 4, 0
209307, 1699640729, 210176, server, 824716, 148476, 4, 0
209307, 1699640729, 209307, client, 2185220, 151108, 12, 0
209307, 1699640729, 210168, server, 10620, 5652, 0, 0
209307, 1699640729, 210170, server, 393260, 149984, 4, 0
209307, 1699640729, 210174, server, 391508, 148380, 4, 0
209307, 1699640729, 210176, server, 395264, 148476, 4, 0
209307, 1699640729, 209307, client, 1268480, 151108, 12, 0
209307, 1699640729, 210168, server, 10620, 5652, 0, 0
209307, 1699640729, 210170, server, 393260, 149984, 4, 0
209307, 1699640729, 210174, server, 391508, 148380, 4, 0
209307, 1699640729, 210176, server, 395264, 148476, 4, 0
209307, 1699640729, 209307, client, 1268480, 151108, 12, 0
209307, 1699640729, 210168, server, 10620, 5652, 0, 0
209307, 1699640729, 210170, server, 393260, 149984, 4, 0
209307, 1699640729, 210174, server, 391508, 148380, 4, 0
209307, 1699640729, 210176, server, 395264, 148476, 4, 0
209307, 1699640729, 209307, client, 1268480, 151108, 12, 0
209307, 1699640729, 210168, server, 10620, 5652, 0, 0
209307, 1699640729, 210170, server, 393260, 149984, 4, 0
209307, 1699640729, 210174, server, 391508, 148380, 4, 0
209307, 1699640729, 210176, server, 395264, 148476, 4, 0
209307, 1699640730, 209307, client, 1268480, 151108, 12, 0
209307, 1699640730, 210168, server, 10620, 5652, 0, 0
209307, 1699640730, 210170, server, 393260, 149984, 4, 0
209307, 1699640730, 210174, server, 391508, 148380, 4, 0
209307, 1699640730, 210176, server, 395264, 148476, 4, 0
209307, 1699640730, 209307, client, 1268480, 151108, 12, 0
209307, 1699640730, 210168, server, 10620, 5652, 0, 0
209307, 1699640730, 210170, server, 393260, 149984, 4, 0
209307, 1699640730, 210174, server, 391508, 148380, 4, 0
209307, 1699640730, 210176, server, 395264, 148476, 4, 0
209307, 1699640730, 209307, client, 487364, 151124, 24, 0
209307, 1699640730, 210168, server, 10620, 5652, 0, 0
209307, 1699640730, 210170, server, 393396, 150112, 8, 0
209307, 1699640730, 210174, server, 391572, 148448, 8, 0
209307, 1699640730, 210176, server, 395380, 148540, 8, 0
209307, 1699640730, 209307, client, 487364, 151124, 24, 0
209307, 1699640730, 210168, server, 10620, 5652, 0, 0
209307, 1699640730, 210170, server, 393460, 150176, 8, 0
209307, 1699640730, 210174, server, 391536, 148508, 8, 0
209307, 1699640730, 210176, server, 395228, 148612, 0, 0
209307, 1699640730, 209307, client, 485216, 6016, 0, 0
209307, 1699640730, 210168, server, 10620, 5600, 0, 0
209307, 1699640731, 209307, client, 485492, 6016, 0, 0
209307, 1699640731, 210168, server, 10620, 5600, 0, 0
209307, 1699640731, 209307, client, 485552, 6016, 0, 0
209307, 1699640731, 210168, server, 10620, 5600, 0, 0
209307, 1699640731, 209307, client, 505388, 6016, 0, 0
209307, 1699640731, 210168, server, 10620, 2660, 0, 0
